{"Train Set": [0.4189655172413793, {"Offbeat": 0.22131147540983606, "Amazing pools": 0.3697478991596639, "Beachfront": 0.4044943820224719, "Chalets": 0.546875, "Treehouses": 0.5409836065573771}, {"Offbeat": 0.3375, "Amazing pools": 0.4074074074074074, "Beachfront": 0.5070422535211268, "Chalets": 0.42168674698795183, "Treehouses": 0.4258064516129032}, 0.411543340626102], "Validation Set": [0.3790322580645161, {"Offbeat": 0.18181818181818182, "Amazing pools": 0.39285714285714285, "Beachfront": 0.26666666666666666, "Chalets": 0.4, "Treehouses": 0.5517241379310345}, {"Offbeat": 0.2222222222222222, "Amazing pools": 0.5, "Beachfront": 0.4, "Chalets": 0.36363636363636365, "Treehouses": 0.3902439024390244}, 0.3596190476190476], "Test Set": [0.352, {"Offbeat": 0.23809523809523808, "Amazing pools": 0.16666666666666666, "Beachfront": 0.2, "Chalets": 0.4117647058823529, "Treehouses": 0.5625}, {"Offbeat": 0.3333333333333333, "Amazing pools": 0.15789473684210525, "Beachfront": 0.25, "Chalets": 0.5384615384615384, "Treehouses": 0.3673469387755102}, 0.31465465465465464]}