{"accuracy_score": 0.456, "recall_scores": {"Amazing pools": 0.4827586206896552, "Offbeat": 0.5714285714285714, "Beachfront": 0.35294117647058826, "Chalets": 0.375, "Treehouses": 0.47058823529411764}, "precision_scores": {"Amazing pools": 0.45161290322580644, "Offbeat": 0.5217391304347826, "Beachfront": 0.46153846153846156, "Chalets": 0.3333333333333333, "Treehouses": 0.5161290322580645}, "f_1_score": 0.4514740161798986}