{"accuracy_score": 0.4838709677419355, "recall_scores": {"Treehouses": 0.6333333333333333, "Chalets": 0.6785714285714286, "Beachfront": 0.1875, "Amazing pools": 0.5, "Offbeat": 0.2}, "precision_scores": {"Treehouses": 0.5588235294117647, "Chalets": 0.5135135135135135, "Beachfront": 0.3333333333333333, "Amazing pools": 0.5357142857142857, "Offbeat": 0.25}, "f_1_score": 0.43156579722959043}