{"Train Set": [0.9603448275862069, {"Beachfront": 0.9390243902439024, "Chalets": 0.9921875, "Offbeat": 0.9752066115702479, "Treehouses": 0.9453125, "Amazing pools": 0.9421487603305785}, {"Beachfront": 1.0, "Chalets": 0.8639455782312925, "Offbeat": 0.9915966386554622, "Treehouses": 0.9918032786885246, "Amazing pools": 0.991304347826087}, 0.9619249702008897], "Validation Set": [0.5, {"Beachfront": 0.42105263157894735, "Chalets": 0.6470588235294118, "Offbeat": 0.3, "Treehouses": 0.5806451612903226, "Amazing pools": 0.4}, {"Beachfront": 0.7272727272727273, "Chalets": 0.5789473684210527, "Offbeat": 0.3333333333333333, "Treehouses": 0.5142857142857142, "Amazing pools": 0.36363636363636365}, 0.4773281689071164], "Test Set": [0.384, {"Beachfront": 0.17391304347826086, "Chalets": 0.43333333333333335, "Offbeat": 0.3333333333333333, "Treehouses": 0.5416666666666666, "Amazing pools": 0.4166666666666667}, {"Beachfront": 0.5, "Chalets": 0.38235294117647056, "Offbeat": 0.4, "Treehouses": 0.38235294117647056, "Amazing pools": 0.3448275862068966}, 0.37071704648007986]}