{"Train Set": [0.8896551724137931, {"Offbeat": 0.8278688524590164, "Amazing pools": 0.8130841121495327, "Treehouses": 0.9112903225806451, "Chalets": 0.9629629629629629, "Beachfront": 0.9239130434782609}, {"Offbeat": 0.9805825242718447, "Amazing pools": 0.9456521739130435, "Treehouses": 0.875968992248062, "Chalets": 0.7878787878787878, "Beachfront": 0.9340659340659341}, 0.8922117369571747], "Validation Set": [0.3951612903225806, {"Offbeat": 0.2727272727272727, "Amazing pools": 0.3333333333333333, "Treehouses": 0.4, "Chalets": 0.5882352941176471, "Beachfront": 0.18181818181818182}, {"Offbeat": 0.23076923076923078, "Amazing pools": 0.391304347826087, "Treehouses": 0.5217391304347826, "Chalets": 0.5128205128205128, "Beachfront": 0.15384615384615385}, 0.3554884121650728], "Test Set": [0.328, {"Offbeat": 0.3333333333333333, "Amazing pools": 0.22580645161290322, "Treehouses": 0.27586206896551724, "Chalets": 0.391304347826087, "Beachfront": 0.47619047619047616}, {"Offbeat": 0.30434782608695654, "Amazing pools": 0.3684210526315789, "Treehouses": 0.34782608695652173, "Chalets": 0.23684210526315788, "Beachfront": 0.45454545454545453}, 0.33321447443140156]}