{"accuracy_score": 0.43548387096774194, "recall_scores": {"Offbeat": 0.2608695652173913, "Treehouses": 0.6060606060606061, "Amazing pools": 0.32142857142857145, "Beachfront": 0.4166666666666667, "Chalets": 0.5}, "precision_scores": {"Offbeat": 0.3157894736842105, "Treehouses": 0.7142857142857143, "Amazing pools": 0.28125, "Beachfront": 0.3125, "Chalets": 0.4827586206896552}, "f_1_score": 0.4179645835901229}