{"accuracy_score": 0.816, "recall_scores": {"1.0": 0.948051948051948, "2.0": 0.5806451612903226, "3.0": 0.6666666666666666, "4.0": 0.5, "5.0": 0.6666666666666666, "6.0": 1.0, "7.0": 0.0, "8.0": 0.0, "10.0": 0.0}, "precision_scores": {"1.0": 0.8488372093023255, "2.0": 0.75, "3.0": 0.8571428571428571, "4.0": 0.5, "5.0": 1.0, "6.0": 1.0, "7.0": 0.0, "8.0": 0.0, "10.0": 0.0}, "f_1_score": 0.6571787108596924}