{"accuracy_score": 0.776, "recall_scores": {"1.0": 0.8985507246376812, "2.0": 0.7, "3.0": 0.6470588235294118, "4.0": 0.3333333333333333, "5.0": 0.3333333333333333, "6.0": 0.0, "7.0": 0.0, "8.0": 0.0, "10.0": 0.0}, "precision_scores": {"1.0": 0.8985507246376812, "2.0": 0.6363636363636364, "3.0": 0.6470588235294118, "4.0": 0.4, "5.0": 1.0, "6.0": 0.0, "7.0": 0.0, "8.0": 0.0, "10.0": 0.0}, "f_1_score": 0.6151825156940246}